{"cameraMode":{"drawMode":0,"name":"Shaded","section":"Shading Mode"},"sceneLighting":true,"audioPlay":false,"sceneViewState":{"showFog":true,"showMaterialUpdate":false,"showSkybox":true,"showFlares":true,"showImageEffects":true,"showParticleSystems":true},"in2DMode":false,"pivot":{"x":542.574462890625,"y":1376.395263671875,"z":323.531005859375},"rotation":{"x":-0.1019705981016159,"y":0.05577443540096283,"z":-0.005726274568587542,"w":-0.993205726146698},"size":1408.5760498046875,"orthographic":false}